dropoutX_batch16,dropout_batch16,dropout_X_batch32,dropout_batch32,dropout전_batch64,dropout_batch64
0.798228124,0.783954905,0.777805236,0.707518865,0.764033681,0.421400607
